<?xml version="1.0" encoding="Windows-1252" ?>
<!--QCOM Protocol Simulator V166.2 Build:Aug 13 2013 13:29:22   v101 -->
<!--Sun Apr 12 17:23:16 2015 -->
<egm Serial="07000001">
    <seed>
        <hexstring length="20" byteorder="lsb">0000000000000000000000000000000000000000</hexstring>
    </seed>
    <hash alg="HMAC-SHA1">
        <hexstring length="20" byteorder="lsb">C083F6C412F767B6CEE21FBDDA8388795F93FD7B</hexstring>
    </hash>
    <NPRV>01</NPRV>
    <BSVN>0x2038</BSVN>
    <CRDENOM>0002</CRDENOM>
    <TOKDENOM>0100</TOKDENOM>
    <DenomHotSwtichFLG>0</DenomHotSwtichFLG>
    <NUMG>01</NUMG>
    <NUME>01</NUME>
    <FLGA>0xEE</FLGA>
    <FLGB>0xC0</FLGB>
    <SharedProgressiveFLG>0</SharedProgressiveFLG>
    <JUR>01</JUR>
    <MINRTP>85.00</MINRTP>
    <MAXRTP>100.00</MAXRTP>
    <MAXSD>15</MAXSD>
    <MAXBET>10.00</MAXBET>
    <MAXNPWIN>50000.00</MAXNPWIN>
    <MAXPWIN>50000.00</MAXPWIN>
    <MAXECT>5000.00</MAXECT>
    <MAXDEN>1.00</MAXDEN>
    <MAXLINES>50</MAXLINES>
    <NADS>EBDS,,282067310,490339203</NADS>
    <meters>
        <meter id="00" len="4" name="              Stroke">0</meter>
        <meter id="01" len="4" name="            Turnover">0</meter>
        <meter id="02" len="4" name="         Wins (+SAP)">0</meter>
        <meter id="03" len="4" name="         Cancel Cred">0</meter>
        <meter id="05" len="4" name="            Cents In">0</meter>
        <meter id="06" len="4" name="           Cents Out">0</meter>
        <meter id="09" len="4" name="        Ticket In1.6">0</meter>
        <meter id="0B" len="4" name="        Games Won1.6">0</meter>
        <meter id="0C" len="4" name="        SAP Wins 1.6">0</meter>
        <meter id="10" len="4" name="             Refills">0</meter>
        <meter id="11" len="4" name="             Coin In">0</meter>
        <meter id="12" len="4" name="            Coin Out">0</meter>
        <meter id="13" len="4" name="          Coin To CB">0</meter>
        <meter id="14" len="4" name="         Cashless In">0</meter>
        <meter id="15" len="4" name="        Cashless Out">0</meter>
        <meter id="16" len="4" name="            Notes In">0</meter>
        <meter id="17" len="4" name="        Notes In Cnt">0</meter>
        <meter id="18" len="4" name="           RCRF Turn">0</meter>
        <meter id="19" len="4" name="            RCRF Win">0</meter>
        <meter id="1A" len="4" name="        Rej Notes1.6">0</meter>
        <meter id="1B" len="4" name="        Gamble Turn6">0</meter>
        <meter id="1C" len="4" name="        Gamble Wins6">0</meter>
        <meter id="1D" len="4" name="        Coins Clr162">0</meter>
        <meter id="1E" len="4" name="        Notes Clr162">0</meter>
        <meter id="20" len="4" name="            $5 Notes">0</meter>
        <meter id="21" len="4" name="           $10 Notes">0</meter>
        <meter id="22" len="4" name="           $20 Notes">0</meter>
        <meter id="23" len="4" name="           $50 Notes">0</meter>
        <meter id="24" len="4" name="          $100 Notes">0</meter>
    </meters>
    <games>
        <game GVN="02A0">
            <NUMVAR>3</NUMVAR>
            <PNUM>5</PNUM>
            <LPOnly>0</LPOnly>
            <VarLock>0</VarLock>
            <HotSwitching>0</HotSwitching>
            <customSAP>0</customSAP>
            <PLBM_DEF>E0</PLBM_DEF>
            <PGID_DEF>00</PGID_DEF>
            <PLBM>E0</PLBM>
            <PGID>FFFF</PGID>
            <Variations>
                <VAR ID="20">
                    <PRET>8078</PRET>
                    <meters>
                        <meter id="00" len="4" name="">0</meter>
                        <meter id="01" len="4" name="">0</meter>
                        <meter id="02" len="4" name="">0</meter>
                        <meter id="03" len="4" name="">0</meter>
                        <meter id="04" len="4" name="">0</meter>
                    </meters>
                </VAR>
                <VAR ID="21">
                    <PRET>8097</PRET>
                    <meters>
                        <meter id="00" len="4" name="">0</meter>
                        <meter id="01" len="4" name="">0</meter>
                        <meter id="02" len="4" name="">0</meter>
                        <meter id="03" len="4" name="">0</meter>
                        <meter id="04" len="4" name="">0</meter>
                    </meters>
                </VAR>
                <VAR ID="29">
                    <PRET>8009</PRET>
                    <meters>
                        <meter id="00" len="4" name="">0</meter>
                        <meter id="01" len="4" name="">0</meter>
                        <meter id="02" len="4" name="">0</meter>
                        <meter id="03" len="4" name="">0</meter>
                        <meter id="04" len="4" name="">0</meter>
                    </meters>
                </VAR>
            </Variations>
            <progressiveData>
                <LPCONT>(null)</LPCONT>
                <progressiveLevel id="0">
                    <CAMT>0</CAMT>
                    <HITS>0</HITS>
                    <WINS>0</WINS>
                    <HRATE>6.41448e-09</HRATE>
                    <HRATE_RAWHEX>31dc6652</HRATE_RAWHEX>
                    <SUP>500000</SUP>
                    <PINC>500</PINC>
                    <CEIL>800000</CEIL>
                    <AUXRTP>0</AUXRTP>
                    <SUP_DEF>500000</SUP_DEF>
                    <PINC_DEF>1000</PINC_DEF>
                    <CEIL_DEF>1000000</CEIL_DEF>
                    <AUXRTP_DEF>0</AUXRTP_DEF>
                    <winsGTCeiling>0</winsGTCeiling>
                </progressiveLevel>
                <progressiveLevel id="1">
                    <CAMT>0</CAMT>
                    <HITS>0</HITS>
                    <WINS>0</WINS>
                    <HRATE>6.84459e-08</HRATE>
                    <HRATE_RAWHEX>3392fc8c</HRATE_RAWHEX>
                    <SUP>100000</SUP>
                    <PINC>1000</PINC>
                    <CEIL>150000</CEIL>
                    <AUXRTP>0</AUXRTP>
                    <SUP_DEF>1000</SUP_DEF>
                    <PINC_DEF>100</PINC_DEF>
                    <CEIL_DEF>20000</CEIL_DEF>
                    <AUXRTP_DEF>0</AUXRTP_DEF>
                    <winsGTCeiling>0</winsGTCeiling>
                </progressiveLevel>
                <progressiveLevel id="2">
                    <CAMT>0</CAMT>
                    <HITS>0</HITS>
                    <WINS>0</WINS>
                    <HRATE>3.98841e-07</HRATE>
                    <HRATE_RAWHEX>34d6203f</HRATE_RAWHEX>
                    <SUP>20000</SUP>
                    <PINC>2000</PINC>
                    <CEIL>40000</CEIL>
                    <AUXRTP>0</AUXRTP>
                    <SUP_DEF>1000</SUP_DEF>
                    <PINC_DEF>100</PINC_DEF>
                    <CEIL_DEF>20000</CEIL_DEF>
                    <AUXRTP_DEF>0</AUXRTP_DEF>
                    <winsGTCeiling>0</winsGTCeiling>
                </progressiveLevel>
                <progressiveLevel id="3">
                    <CAMT>0</CAMT>
                    <HITS>0</HITS>
                    <WINS>0</WINS>
                    <HRATE>1.89833e-06</HRATE>
                    <HRATE_RAWHEX>35feca01</HRATE_RAWHEX>
                    <SUP>8000</SUP>
                    <PINC>3000</PINC>
                    <CEIL>15000</CEIL>
                    <AUXRTP>0</AUXRTP>
                    <SUP_DEF>1000</SUP_DEF>
                    <PINC_DEF>100</PINC_DEF>
                    <CEIL_DEF>20000</CEIL_DEF>
                    <AUXRTP_DEF>0</AUXRTP_DEF>
                    <winsGTCeiling>0</winsGTCeiling>
                </progressiveLevel>
                <progressiveLevel id="4">
                    <CAMT>0</CAMT>
                    <HITS>0</HITS>
                    <WINS>0</WINS>
                    <HRATE>1.19572e-05</HRATE>
                    <HRATE_RAWHEX>37489bb2</HRATE_RAWHEX>
                    <SUP>4000</SUP>
                    <PINC>7000</PINC>
                    <CEIL>6000</CEIL>
                    <AUXRTP>0</AUXRTP>
                    <SUP_DEF>1000</SUP_DEF>
                    <PINC_DEF>100</PINC_DEF>
                    <CEIL_DEF>20000</CEIL_DEF>
                    <AUXRTP_DEF>0</AUXRTP_DEF>
                    <winsGTCeiling>0</winsGTCeiling>
                </progressiveLevel>
            </progressiveData>
            <pcmeters>
                <NUM>0</NUM>
                <meters>
                </meters>
            </pcmeters>
            <betmeters>
                <MAXL>50</MAXL>
                <MAXB>5</MAXB>
                <GFA>5</GFA>
                <GFB>5</GFB>
                <meters>
                    <meter id="00" len="4" name="">0</meter>
                    <meter id="01" len="4" name="">0</meter>
                    <meter id="02" len="4" name="">0</meter>
                    <meter id="03" len="4" name="">0</meter>
                    <meter id="04" len="4" name="">0</meter>
                    <meter id="05" len="4" name="">0</meter>
                    <meter id="06" len="4" name="">0</meter>
                    <meter id="07" len="4" name="">0</meter>
                    <meter id="08" len="4" name="">0</meter>
                    <meter id="09" len="4" name="">0</meter>
                    <meter id="0A" len="4" name="">0</meter>
                    <meter id="0B" len="4" name="">0</meter>
                    <meter id="0C" len="4" name="">0</meter>
                    <meter id="0D" len="4" name="">0</meter>
                    <meter id="0E" len="4" name="">0</meter>
                    <meter id="0F" len="4" name="">0</meter>
                    <meter id="10" len="4" name="">0</meter>
                    <meter id="11" len="4" name="">0</meter>
                    <meter id="12" len="4" name="">0</meter>
                    <meter id="13" len="4" name="">0</meter>
                    <meter id="14" len="4" name="">0</meter>
                    <meter id="15" len="4" name="">0</meter>
                    <meter id="16" len="4" name="">0</meter>
                    <meter id="17" len="4" name="">0</meter>
                    <meter id="18" len="4" name="">0</meter>
                </meters>
            </betmeters>
        </game>
    </games>
</egm>
<!--delete from here in order to reconcile the hash below. All lines must be CR-LF terminated (0x0D 0x0A) -->
<shasum>
    <qsimver>QCOM Protocol Simulator V166.2</qsimver>
    <hexstring length="20" byteorder="lsb">C0F6741378B3EFBF6B8AB78430FF7512E94D6128</hexstring>
</shasum>
