<?xml version="1.0" encoding="Windows-1252" ?>
<!--QCOM Protocol Simulator V166.2 Build:Aug 13 2013 13:29:22   v101 -->
<!--Sun Apr 19 17:01:56 2015 -->
<egm Serial="07000001">
    <seed>
        <hexstring length="20" byteorder="lsb">0000000000000000000000000000000000000000</hexstring>
    </seed>
    <hash alg="HMAC-SHA1">
        <hexstring length="20" byteorder="lsb">C083F6C412F767B6CEE21FBDDA8388795F93FD7B</hexstring>
    </hash>
    <NPRV>01</NPRV>
    <BSVN>0x2038</BSVN>
    <CRDENOM>0005</CRDENOM>
    <TOKDENOM>0100</TOKDENOM>
    <DenomHotSwtichFLG>0</DenomHotSwtichFLG>
    <NUMG>01</NUMG>
    <NUME>01</NUME>
    <FLGA>0xEE</FLGA>
    <FLGB>0xC0</FLGB>
    <SharedProgressiveFLG>0</SharedProgressiveFLG>
    <JUR>01</JUR>
    <MINRTP>85.00</MINRTP>
    <MAXRTP>100.00</MAXRTP>
    <MAXSD>15</MAXSD>
    <MAXBET>10.00</MAXBET>
    <MAXNPWIN>50000.00</MAXNPWIN>
    <MAXPWIN>50000.00</MAXPWIN>
    <MAXECT>5000.00</MAXECT>
    <MAXDEN>1.00</MAXDEN>
    <MAXLINES>50</MAXLINES>
    <NADS>EBDS,,282067310,490339203</NADS>
    <meters>
        <meter id="0C" len="4" name="        SAP Wins 1.6">0</meter>
    </meters>
    <games>
        <game GVN="02A0">
            <NUMVAR>3</NUMVAR>
            <PNUM>5</PNUM>
            <LPOnly>0</LPOnly>
            <VarLock>0</VarLock>
            <HotSwitching>0</HotSwitching>
            <customSAP>0</customSAP>
            <PLBM_DEF>E0</PLBM_DEF>
            <PGID_DEF>00</PGID_DEF>
            <PLBM>E0</PLBM>
            <PGID>FFFF</PGID>
            <Variations>
                <VAR ID="50">
                    <PRET>7950</PRET>
                    <meters>
                        <meter id="00" len="4" name="">0</meter>
                        <meter id="01" len="4" name="">0</meter>
                        <meter id="02" len="4" name="">0</meter>
                        <meter id="03" len="4" name="">0</meter>
                        <meter id="04" len="4" name="">0</meter>
                    </meters>
                </VAR>
                <VAR ID="51">
                    <PRET>7950</PRET>
                    <meters>
                        <meter id="00" len="4" name="">0</meter>
                        <meter id="01" len="4" name="">0</meter>
                        <meter id="02" len="4" name="">0</meter>
                        <meter id="03" len="4" name="">0</meter>
                        <meter id="04" len="4" name="">0</meter>
                    </meters>
                </VAR>
                <VAR ID="52">
                    <PRET>7948</PRET>
                    <meters>
                        <meter id="00" len="4" name="">0</meter>
                        <meter id="01" len="4" name="">0</meter>
                        <meter id="02" len="4" name="">0</meter>
                        <meter id="03" len="4" name="">0</meter>
                        <meter id="04" len="4" name="">0</meter>
                    </meters>
                </VAR>
            </Variations>
            <progressiveData>
                <LPCONT>(null)</LPCONT>
                <progressiveLevel id="0">
                    <CAMT>0</CAMT>
                    <HITS>0</HITS>
                    <WINS>0</WINS>
                    <HRATE>6.41448e-09</HRATE>
                    <HRATE_RAWHEX>31dc6652</HRATE_RAWHEX>
                    <SUP>750000</SUP>
                    <PINC>500</PINC>
                    <CEIL>1000000</CEIL>
                    <AUXRTP>0</AUXRTP>
                    <SUP_DEF>500000</SUP_DEF>
                    <PINC_DEF>1000</PINC_DEF>
                    <CEIL_DEF>1000000</CEIL_DEF>
                    <AUXRTP_DEF>0</AUXRTP_DEF>
                    <winsGTCeiling>0</winsGTCeiling>
                </progressiveLevel>
                <progressiveLevel id="1">
                    <CAMT>0</CAMT>
                    <HITS>0</HITS>
                    <WINS>0</WINS>
                    <HRATE>6.84459e-08</HRATE>
                    <HRATE_RAWHEX>3392fc8c</HRATE_RAWHEX>
                    <SUP>150000</SUP>
                    <PINC>1000</PINC>
                    <CEIL>200000</CEIL>
                    <AUXRTP>0</AUXRTP>
                    <SUP_DEF>1000</SUP_DEF>
                    <PINC_DEF>100</PINC_DEF>
                    <CEIL_DEF>20000</CEIL_DEF>
                    <AUXRTP_DEF>0</AUXRTP_DEF>
                    <winsGTCeiling>0</winsGTCeiling>
                </progressiveLevel>
                <progressiveLevel id="2">
                    <CAMT>0</CAMT>
                    <HITS>0</HITS>
                    <WINS>0</WINS>
                    <HRATE>3.98841e-07</HRATE>
                    <HRATE_RAWHEX>34d62040</HRATE_RAWHEX>
                    <SUP>30000</SUP>
                    <PINC>2000</PINC>
                    <CEIL>50000</CEIL>
                    <AUXRTP>0</AUXRTP>
                    <SUP_DEF>1000</SUP_DEF>
                    <PINC_DEF>100</PINC_DEF>
                    <CEIL_DEF>20000</CEIL_DEF>
                    <AUXRTP_DEF>0</AUXRTP_DEF>
                    <winsGTCeiling>0</winsGTCeiling>
                </progressiveLevel>
                <progressiveLevel id="3">
                    <CAMT>0</CAMT>
                    <HITS>0</HITS>
                    <WINS>0</WINS>
                    <HRATE>1.89833e-06</HRATE>
                    <HRATE_RAWHEX>35feca02</HRATE_RAWHEX>
                    <SUP>10000</SUP>
                    <PINC>3000</PINC>
                    <CEIL>15000</CEIL>
                    <AUXRTP>0</AUXRTP>
                    <SUP_DEF>1000</SUP_DEF>
                    <PINC_DEF>100</PINC_DEF>
                    <CEIL_DEF>20000</CEIL_DEF>
                    <AUXRTP_DEF>0</AUXRTP_DEF>
                    <winsGTCeiling>0</winsGTCeiling>
                </progressiveLevel>
                <progressiveLevel id="4">
                    <CAMT>0</CAMT>
                    <HITS>0</HITS>
                    <WINS>0</WINS>
                    <HRATE>1.19572e-05</HRATE>
                    <HRATE_RAWHEX>37489bb2</HRATE_RAWHEX>
                    <SUP>4000</SUP>
                    <PINC>7000</PINC>
                    <CEIL>6000</CEIL>
                    <AUXRTP>0</AUXRTP>
                    <SUP_DEF>1000</SUP_DEF>
                    <PINC_DEF>100</PINC_DEF>
                    <CEIL_DEF>20000</CEIL_DEF>
                    <AUXRTP_DEF>0</AUXRTP_DEF>
                    <winsGTCeiling>0</winsGTCeiling>
                </progressiveLevel>
            </progressiveData>
            <pcmeters>
                <NUM>0</NUM>
                <meters>
                </meters>
            </pcmeters>
            <betmeters>
                <MAXL>25</MAXL>
                <MAXB>4</MAXB>
                <GFA>5</GFA>
                <GFB>4</GFB>
                <meters>
                    <meter id="00" len="4" name="">0</meter>
                    <meter id="01" len="4" name="">0</meter>
                    <meter id="02" len="4" name="">0</meter>
                    <meter id="03" len="4" name="">0</meter>
                    <meter id="04" len="4" name="">0</meter>
                    <meter id="05" len="4" name="">0</meter>
                    <meter id="06" len="4" name="">0</meter>
                    <meter id="07" len="4" name="">0</meter>
                    <meter id="08" len="4" name="">0</meter>
                    <meter id="09" len="4" name="">0</meter>
                    <meter id="0A" len="4" name="">0</meter>
                    <meter id="0B" len="4" name="">0</meter>
                    <meter id="0C" len="4" name="">0</meter>
                    <meter id="0D" len="4" name="">0</meter>
                    <meter id="0E" len="4" name="">0</meter>
                    <meter id="0F" len="4" name="">0</meter>
                    <meter id="10" len="4" name="">0</meter>
                    <meter id="11" len="4" name="">0</meter>
                    <meter id="12" len="4" name="">0</meter>
                    <meter id="13" len="4" name="">0</meter>
                </meters>
            </betmeters>
        </game>
    </games>
</egm>
<!--delete from here in order to reconcile the hash below. All lines must be CR-LF terminated (0x0D 0x0A) -->
<shasum>
    <qsimver>QCOM Protocol Simulator V166.2</qsimver>
    <hexstring length="20" byteorder="lsb">0D8C2A9C62F80616F7E6E7EA131ED04FAFEC6A07</hexstring>
</shasum>
